main_mode,user
walk,0.37062614412522216
bike,0.22115628061507508
car,0.30929872987784857
pt,0.2868021069089105
ride,0.12969456756865816
